id,first_name,last_name,email,gender,ip_address
1,Elwin,Orwell,eorwell0@amazon.de,Male,7.235.208.59
2,Cassie,Brookesbie,cbrookesbie1@liveinternet.ru,Male,175.156.141.54
3,Alard,Vouls,avouls2@163.com,Male,51.94.241.193
4,Giraud,Cajkler,gcajkler3@java.com,Male,178.123.37.71
5,Shelli,Husbands,shusbands4@answers.com,Female,133.180.254.33
6,Esmaria,Mitchelhill,emitchelhill5@people.com.cn,Bigender,188.175.16.180
7,Barry,Rait,brait6@pinterest.com,Male,139.12.223.229
8,Almira,Jefferson,ajefferson7@ibm.com,Agender,94.179.137.12
9,Barn,Vann,bvann8@vk.com,Male,61.23.86.76
10,Dallas,Facey,dfacey9@4shared.com,Female,47.12.32.59
11,Auberta,Mc Ilory,amcilorya@europa.eu,Female,146.143.5.101
12,Dare,Klimentov,dklimentovb@forbes.com,Male,105.44.57.67
13,Clayborne,Joscelyn,cjoscelync@redcross.org,Male,29.168.139.215
14,Ward,Jonk,wjonkd@ihg.com,Male,64.243.184.6
15,Laurella,Brehaut,lbrehaute@smugmug.com,Female,218.249.237.149
16,Valle,Woof,vwooff@marriott.com,Male,191.200.179.6
17,Eada,Kear,ekearg@japanpost.jp,Genderqueer,129.186.40.25
18,Etan,Ondra,eondrah@buzzfeed.com,Male,248.125.38.94
19,Sophie,Dowsett,sdowsetti@wisc.edu,Female,137.186.8.24
20,Kirsten,Greenlies,kgreenliesj@google.nl,Female,147.178.5.162
21,Toby,Jelly,tjellyk@slate.com,Male,124.250.90.77
22,Archaimbaud,Mirralls,amirrallsl@china.com.cn,Male,0.114.122.186
23,Mufinella,Matten,mmattenm@huffingtonpost.com,Female,155.31.187.223
24,Ginger,Gosnold,ggosnoldn@admin.ch,Male,210.211.116.67
25,Kinna,Coppins,kcoppinso@geocities.jp,Female,74.33.69.240
26,Stephani,Pearde,speardep@netscape.com,Female,149.158.225.143
27,Fielding,Muffin,fmuffinq@washingtonpost.com,Male,167.233.253.255
28,Garv,Buyers,gbuyersr@cpanel.net,Male,83.110.158.4
29,Zora,Trevear,ztrevears@netvibes.com,Polygender,138.118.128.237
30,Allie,Whitechurch,awhitechurcht@shutterfly.com,Male,216.79.42.128
31,Marcelia,Dainty,mdaintyu@uol.com.br,Female,228.23.113.13
32,Allys,Hodjetts,ahodjettsv@infoseek.co.jp,Female,16.49.106.55
33,Sullivan,Glasson,sglassonw@dailymail.co.uk,Male,201.34.169.39
34,Hewe,Otton,hottonx@time.com,Male,92.126.46.93
35,Ulberto,Wingeat,uwingeaty@cocolog-nifty.com,Male,183.255.22.110
36,Kata,Krug,kkrugz@microsoft.com,Female,28.137.150.49
37,Laurie,Croose,lcroose10@comsenz.com,Male,61.52.2.147
38,Lyndel,Gavigan,lgavigan11@nih.gov,Female,181.113.106.113
39,Kissee,Penhaligon,kpenhaligon12@mysql.com,Female,246.162.36.147
40,Marvin,Betteridge,mbetteridge13@businessweek.com,Male,233.30.57.81
41,Marne,Streatley,mstreatley14@moonfruit.com,Female,117.253.64.174
42,Drake,Petriello,dpetriello15@msn.com,Male,25.36.75.142
43,Currie,Pear,cpear16@yahoo.com,Male,210.222.28.71
44,Bailey,Baybutt,bbaybutt17@cdbaby.com,Bigender,171.10.22.40
45,Ellyn,Littlekit,elittlekit18@histats.com,Genderfluid,39.173.226.58
46,Simmonds,Blei,sblei19@google.com.br,Male,169.33.45.9
47,Janessa,Ashbey,jashbey1a@edublogs.org,Female,104.146.214.243
48,Vaughn,Casaro,vcasaro1b@ask.com,Male,15.197.58.111
49,Bentley,Wardale,bwardale1c@toplist.cz,Male,157.253.195.5
50,Nady,Rustidge,nrustidge1d@omniture.com,Female,134.10.122.204
51,Karina,Round,kround1e@fema.gov,Female,181.97.72.18
52,Merrilee,Bleyman,mbleyman1f@census.gov,Female,36.98.151.133
53,Zorine,Dowsing,zdowsing1g@cdc.gov,Female,74.67.57.76
54,Celisse,Maggiore,cmaggiore1h@dailymotion.com,Female,209.24.29.98
55,Gusti,Pietzker,gpietzker1i@4shared.com,Female,46.26.246.151
56,Mechelle,Nornasell,mnornasell1j@thetimes.co.uk,Female,211.74.110.222
57,Arlette,Ondricek,aondricek1k@naver.com,Agender,42.251.195.62
58,Egbert,Giorgi,egiorgi1l@nifty.com,Male,109.173.85.196
59,Daune,Darko,ddarko1m@issuu.com,Female,219.234.246.112
60,Shandee,Linfield,slinfield1n@yahoo.com,Female,129.64.19.0
61,Chrissy,Grzegorzewski,cgrzegorzewski1o@washingtonpost.com,Male,212.234.17.46
62,Modestia,Village,mvillage1p@hexun.com,Female,126.207.93.198
63,Juliane,Kinge,jkinge1q@google.com.hk,Female,70.144.234.208
64,Eileen,St. Quentin,estquentin1r@reference.com,Non-binary,248.198.211.155
65,Bruno,Machan,bmachan1s@myspace.com,Male,98.29.150.215
66,Ethan,Lindwasser,elindwasser1t@google.com.br,Male,31.65.225.33
67,Nefen,MacConnal,nmacconnal1u@behance.net,Male,79.98.255.140
68,Freedman,MacCleod,fmaccleod1v@merriam-webster.com,Agender,77.118.34.155
69,Salomo,Hammett,shammett1w@netscape.com,Male,4.85.219.201
70,Lanie,Hess,lhess1x@deviantart.com,Male,247.78.114.15
71,Thelma,Delue,tdelue1y@devhub.com,Female,2.18.223.172
72,Karissa,Writtle,kwrittle1z@stumbleupon.com,Female,31.247.124.148
73,Archibaldo,Pietroni,apietroni20@ibm.com,Male,23.46.157.75
74,Mimi,Bouskill,mbouskill21@clickbank.net,Female,167.95.131.194
75,Willamina,Gabbat,wgabbat22@state.tx.us,Female,62.203.200.34
76,Heather,Fraczak,hfraczak23@wiley.com,Female,193.139.226.155
77,Paco,ducarme,pducarme24@phpbb.com,Male,205.214.123.217
78,Thurston,Alywen,talywen25@tinypic.com,Polygender,93.16.238.248
79,Alis,Blacklock,ablacklock26@furl.net,Non-binary,201.233.26.210
80,Udale,Chellam,uchellam27@flickr.com,Male,200.54.5.104
81,Arden,Rudd,arudd28@gov.uk,Female,219.228.221.240
82,Guntar,Brydie,gbrydie29@thetimes.co.uk,Male,33.91.240.2
83,Jasper,Wilcot,jwilcot2a@cisco.com,Male,163.84.208.251
84,Nadya,Toulmin,ntoulmin2b@nydailynews.com,Female,79.248.50.51
85,Madelina,Jesper,mjesper2c@un.org,Female,28.241.212.79
86,Tommie,Works,tworks2d@nsw.gov.au,Male,56.66.17.31
87,Bernetta,Dresser,bdresser2e@hao123.com,Non-binary,12.5.217.17
88,Waiter,Challicombe,wchallicombe2f@jigsy.com,Male,250.8.134.99
89,Cynthy,Eplate,ceplate2g@nbcnews.com,Female,112.206.192.159
90,Nolana,Wand,nwand2h@comcast.net,Female,131.106.202.12
91,Jocelin,Crichton,jcrichton2i@printfriendly.com,Female,236.165.218.192
92,Mable,Pauli,mpauli2j@merriam-webster.com,Female,159.212.225.27
93,Koral,Blanchflower,kblanchflower2k@newyorker.com,Female,114.242.227.252
94,Rebecca,Barttrum,rbarttrum2l@whitehouse.gov,Female,95.118.8.61
95,Jacklyn,Beneix,jbeneix2m@ovh.net,Female,95.96.197.3
96,Tudor,MacGahy,tmacgahy2n@unicef.org,Male,77.200.151.105
97,Kerry,Stanney,kstanney2o@godaddy.com,Male,224.18.98.145
98,Marguerite,Bewshea,mbewshea2p@accuweather.com,Female,186.120.249.72
99,Pembroke,Goodsal,pgoodsal2q@flickr.com,Male,158.14.248.234
100,Pamella,Ianittello,pianittello2r@mysql.com,Female,161.208.127.249
101,Hurley,Barmby,hbarmby2s@google.com.hk,Male,150.63.5.30
102,Grannie,Barford,gbarford2t@ucoz.com,Male,157.191.208.210
103,Ludwig,Brunetti,lbrunetti2u@shareasale.com,Male,34.179.239.53
104,Devonne,Hayler,dhayler2v@creativecommons.org,Female,133.65.155.124
105,Hillie,Dury,hdury2w@storify.com,Male,1.163.232.87
106,Tersina,Neiland,tneiland2x@mail.ru,Non-binary,5.225.119.40
107,Ivy,Stable,istable2y@auda.org.au,Polygender,13.173.66.155
108,Grata,Ratnege,gratnege2z@ox.ac.uk,Female,241.143.32.191
109,Spike,Goathrop,sgoathrop30@theglobeandmail.com,Male,28.171.244.20
110,Rebe,Ainsbury,rainsbury31@goo.gl,Female,154.233.196.155
111,Leonidas,Munnion,lmunnion32@ox.ac.uk,Male,92.46.236.107
112,Olivette,Mumbey,omumbey33@admin.ch,Female,52.10.3.64
113,Ardine,Rudyard,arudyard34@bluehost.com,Female,105.243.228.184
114,Diann,Lowater,dlowater35@reference.com,Female,154.52.93.110
115,Mil,McCaughran,mmccaughran36@facebook.com,Female,12.245.177.240
116,Mohandis,MacConnal,mmacconnal37@prlog.org,Male,117.242.193.74
117,Jerrilee,Kemsley,jkemsley38@unc.edu,Female,39.69.242.211
118,Courtnay,Rappaport,crappaport39@stanford.edu,Male,8.102.16.10
119,Thane,Stote,tstote3a@mtv.com,Male,45.225.75.97
120,Lu,Stockdale,lstockdale3b@devhub.com,Female,219.155.31.20
121,Herold,Attoe,hattoe3c@timesonline.co.uk,Male,33.42.213.160
122,Danny,Tomasicchio,dtomasicchio3d@fastcompany.com,Female,170.31.24.168
123,Hildagarde,McFfaden,hmcffaden3e@nifty.com,Female,33.86.232.212
124,Kristopher,Studdeard,kstuddeard3f@latimes.com,Male,128.21.33.112
125,Candida,Toop,ctoop3g@yellowpages.com,Female,64.109.21.125
126,Ned,Perri,nperri3h@mail.ru,Male,53.247.252.39
127,Gareth,Ohrtmann,gohrtmann3i@wsj.com,Male,159.134.165.67
128,Bud,Kares,bkares3j@printfriendly.com,Bigender,200.149.225.250
129,Rois,Rendall,rrendall3k@sitemeter.com,Female,70.44.72.87
130,Othilia,Samwyse,osamwyse3l@i2i.jp,Female,174.181.108.109
131,Theobald,Godon,tgodon3m@loc.gov,Male,5.37.133.50
132,Hilary,Defau,hdefau3n@tripod.com,Male,64.26.193.107
133,Lotte,Netley,lnetley3o@amazon.de,Polygender,85.204.26.35
134,Nikki,Ciobotaro,nciobotaro3p@amazon.de,Male,17.250.214.198
135,Gisella,Parncutt,gparncutt3q@blogger.com,Female,30.91.227.83
136,Nikolai,Triner,ntriner3r@1688.com,Male,77.168.217.183
137,Vassili,Gabbatt,vgabbatt3s@arizona.edu,Bigender,232.107.220.73
138,Marigold,Helks,mhelks3t@skype.com,Female,25.140.210.119
139,Rancell,Shulem,rshulem3u@rakuten.co.jp,Male,162.2.112.8
140,Cyndie,Gumly,cgumly3v@mac.com,Female,152.37.63.223
141,Liz,Lawden,llawden3w@opera.com,Female,37.165.211.27
142,Margarethe,Tibald,mtibald3x@rakuten.co.jp,Female,15.213.34.148
143,Josy,Buttery,jbuttery3y@networksolutions.com,Female,69.201.143.2
144,Margit,Kosiada,mkosiada3z@dot.gov,Female,104.225.199.203
145,Amalie,Bosomworth,abosomworth40@patch.com,Female,176.228.21.64
146,Cairistiona,Kellaway,ckellaway41@sphinn.com,Female,135.164.199.168
147,Adler,Obert,aobert42@ftc.gov,Male,171.161.77.44
148,Linnell,More,lmore43@amazon.co.uk,Female,200.164.34.108
149,Hermy,Aleksankov,haleksankov44@shinystat.com,Male,59.138.130.89
150,Lewiss,Rulf,lrulf45@mayoclinic.com,Male,86.121.221.207
151,Ozzie,Bisset,obisset46@amazon.com,Genderqueer,91.250.99.240
152,Kamilah,Soans,ksoans47@china.com.cn,Genderqueer,117.96.200.250
153,Sauveur,Canadas,scanadas48@soundcloud.com,Male,152.44.159.174
154,Brandie,Fowlestone,bfowlestone49@yolasite.com,Female,180.146.121.235
155,Eolanda,Radbone,eradbone4a@oracle.com,Polygender,187.28.123.83
156,Dayle,Severwright,dseverwright4b@wisc.edu,Female,154.239.34.209
157,Cornie,Kemmet,ckemmet4c@sbwire.com,Male,153.214.222.62
158,Myles,Sharpley,msharpley4d@cisco.com,Bigender,212.98.107.92
159,Ben,Floris,bfloris4e@blogger.com,Male,209.84.96.162
160,Tate,Driffill,tdriffill4f@wufoo.com,Male,169.163.251.136
161,Gayler,Cozins,gcozins4g@nhs.uk,Male,84.169.242.116
162,Godwin,Postians,gpostians4h@ftc.gov,Male,245.7.53.247
163,Ethelin,Cleland,ecleland4i@dailymail.co.uk,Genderqueer,235.138.226.53
164,Cassie,Russ,cruss4j@harvard.edu,Male,1.164.199.240
165,Vanya,Lindenboim,vlindenboim4k@dion.ne.jp,Female,223.85.95.208
166,Tomasina,Bowlas,tbowlas4l@state.gov,Female,25.103.70.117
167,Mallory,Bellchamber,mbellchamber4m@smh.com.au,Female,197.8.71.211
168,Benn,Hanalan,bhanalan4n@google.co.uk,Male,6.119.128.231
169,Candi,Romayne,cromayne4o@youtube.com,Female,163.238.232.29
170,Friederike,Leggs,fleggs4p@cornell.edu,Agender,10.6.80.142
171,Amble,Cheal,acheal4q@intel.com,Male,111.161.122.144
172,Maxie,Geely,mgeely4r@va.gov,Female,252.181.131.90
173,Lanny,Hattam,lhattam4s@multiply.com,Genderfluid,43.133.105.140
174,Jacquenetta,Francisco,jfrancisco4t@wsj.com,Female,47.66.175.24
175,Simeon,Benyan,sbenyan4u@aol.com,Male,69.16.195.233
176,Lucilia,Kubica,lkubica4v@live.com,Female,80.88.232.55
177,Isidoro,Rosenthal,irosenthal4w@noaa.gov,Male,254.94.74.112
178,Antonina,De Caroli,adecaroli4x@kickstarter.com,Female,38.140.154.77
179,Lidia,Matiasek,lmatiasek4y@unblog.fr,Female,203.240.122.254
180,Edgar,Grunbaum,egrunbaum4z@statcounter.com,Male,71.213.132.181
181,Maxwell,Sandercock,msandercock50@google.com.au,Male,57.144.210.246
182,Lark,Coddington,lcoddington51@furl.net,Female,115.174.118.171
183,Shannon,Sebire,ssebire52@dropbox.com,Male,151.209.188.109
184,Brenna,Congram,bcongram53@wix.com,Female,9.220.192.145
185,Karyn,Worsall,kworsall54@newsvine.com,Female,43.18.122.149
186,Terrance,Rickwood,trickwood55@cbsnews.com,Male,11.55.63.181
187,Gabie,Ducarne,gducarne56@seesaa.net,Male,29.153.249.250
188,Koralle,Willox,kwillox57@nps.gov,Female,180.215.76.107
189,Kris,Whitworth,kwhitworth58@mac.com,Male,97.74.36.104
190,Susan,Frayn,sfrayn59@earthlink.net,Female,205.36.16.134
191,Maressa,Scandwright,mscandwright5a@mlb.com,Female,192.21.237.148
192,Mair,Martinyuk,mmartinyuk5b@si.edu,Female,86.169.242.34
193,Arden,Galiford,agaliford5c@free.fr,Female,144.36.240.186
194,Izak,Hakey,ihakey5d@hibu.com,Male,156.40.11.161
195,Gale,Wahner,gwahner5e@mac.com,Female,231.193.224.54
196,Anet,Tankus,atankus5f@hao123.com,Female,28.50.192.52
197,Marita,Jahnig,mjahnig5g@nationalgeographic.com,Female,35.148.51.40
198,Joy,Uccello,juccello5h@pen.io,Female,149.255.110.101
199,Marilyn,Feldharker,mfeldharker5i@hp.com,Female,188.91.8.223
200,Conan,O'Corrigane,cocorrigane5j@nifty.com,Male,36.104.30.16
201,Lazare,Fountian,lfountian5k@un.org,Male,82.248.66.178
202,Heinrick,McKevitt,hmckevitt5l@engadget.com,Male,50.167.33.192
203,Man,Hundley,mhundley5m@nps.gov,Genderfluid,217.113.27.170
204,Toni,Goforth,tgoforth5n@globo.com,Female,49.170.19.241
205,Hewet,Nanelli,hnanelli5o@hc360.com,Male,90.173.212.13
206,Demetri,Arnoult,darnoult5p@histats.com,Male,161.183.160.17
207,Di,Garred,dgarred5q@pinterest.com,Female,136.198.76.194
208,Rosemaria,Margery,rmargery5r@goo.ne.jp,Female,237.247.241.137
209,Khalil,Aird,kaird5s@slate.com,Male,204.121.54.117
210,Ailis,Titmus,atitmus5t@biglobe.ne.jp,Female,104.222.143.165
211,Elia,Trace,etrace5u@comsenz.com,Male,220.6.196.156
212,Joseito,Orton,jorton5v@bbc.co.uk,Male,206.225.221.56
213,Nolly,Benyan,nbenyan5w@hibu.com,Male,225.75.50.227
214,Tawnya,De Gogay,tdegogay5x@list-manage.com,Female,50.193.204.141
215,Etta,Rabbet,erabbet5y@multiply.com,Female,209.78.84.202
216,Ginnifer,Brydon,gbrydon5z@tmall.com,Female,13.70.153.192
217,Tiebout,Tatlow,ttatlow60@wordpress.com,Male,250.165.218.133
218,Jase,Muslim,jmuslim61@example.com,Bigender,44.211.120.156
219,Camilla,Battista,cbattista62@skype.com,Female,246.113.146.22
220,Delora,Coleshill,dcoleshill63@reverbnation.com,Female,63.90.110.0
221,Amalita,Spear,aspear64@hc360.com,Female,5.173.88.247
222,Costa,Placidi,cplacidi65@goodreads.com,Male,210.47.245.215
223,Morton,Ollet,mollet66@furl.net,Male,12.164.16.172
224,Wolfy,Hodgets,whodgets67@paginegialle.it,Male,202.87.172.147
225,Saxe,Leather,sleather68@google.fr,Male,4.172.128.81
226,Missy,Po,mpo69@imageshack.us,Female,107.0.73.182
227,Lorant,De Gregoli,ldegregoli6a@nationalgeographic.com,Male,142.74.4.63
228,Goddart,Vaughan,gvaughan6b@trellian.com,Male,68.235.124.136
229,Remy,Marconi,rmarconi6c@tinyurl.com,Female,131.107.67.243
230,Tabby,Gainseford,tgainseford6d@wix.com,Female,8.171.87.226
231,Wynne,Baitey,wbaitey6e@umn.edu,Female,254.52.118.160
232,Boy,Guidini,bguidini6f@bigcartel.com,Male,163.6.131.123
233,Diana,Keyden,dkeyden6g@addtoany.com,Female,21.34.213.12
234,Mayer,Haken,mhaken6h@ted.com,Male,9.98.58.2
235,Juliane,McCloy,jmccloy6i@homestead.com,Genderqueer,110.185.179.142
236,Gilda,Hansmann,ghansmann6j@icq.com,Female,61.242.140.149
237,Kessia,Boatwright,kboatwright6k@state.gov,Female,46.175.219.231
238,Tarah,Spinks,tspinks6l@purevolume.com,Female,79.255.236.104
239,Julian,Pollock,jpollock6m@is.gd,Male,198.30.165.225
240,Claus,Jacklin,cjacklin6n@lulu.com,Male,2.196.195.244
241,Martainn,Schankelborg,mschankelborg6o@usgs.gov,Male,158.19.89.39
242,Ewart,Petrenko,epetrenko6p@tmall.com,Male,8.46.32.177
243,Maxy,Wittrington,mwittrington6q@joomla.org,Female,195.133.196.239
244,Cordelie,Sterry,csterry6r@ca.gov,Female,195.168.80.127
245,Rosco,Maulkin,rmaulkin6s@github.com,Male,121.106.219.91
246,Romy,Jeffress,rjeffress6t@gnu.org,Female,133.55.205.12
247,Danette,Summerson,dsummerson6u@eventbrite.com,Female,93.231.28.211
248,Helli,Klejna,hklejna6v@howstuffworks.com,Female,3.56.73.240
249,Winnah,Erangy,werangy6w@hatena.ne.jp,Female,215.127.208.126
250,Hildegaard,Simonyi,hsimonyi6x@amazon.com,Female,104.188.146.179
251,Hilly,Hailwood,hhailwood6y@ucoz.ru,Polygender,254.34.51.52
252,Waiter,Edmons,wedmons6z@youtu.be,Male,90.63.195.151
253,Katee,McConnulty,kmcconnulty70@cam.ac.uk,Female,231.114.169.8
254,Aubine,Mirando,amirando71@edublogs.org,Female,234.176.70.90
255,Daron,Rycroft,drycroft72@e-recht24.de,Agender,64.180.29.222
256,Oralia,Gimson,ogimson73@narod.ru,Female,71.206.26.194
257,Gratia,Northam,gnortham74@sphinn.com,Female,217.208.82.3
258,Marylin,Linney,mlinney75@slate.com,Female,53.196.254.109
259,Nicky,Sandeman,nsandeman76@icq.com,Female,254.30.25.189
260,Zachariah,Wren,zwren77@google.ca,Male,176.62.209.38
261,Horatius,Byram,hbyram78@myspace.com,Male,118.67.242.109
262,Flossie,Waterstone,fwaterstone79@goo.gl,Female,222.241.100.7
263,Stefan,Gurdon,sgurdon7a@si.edu,Male,203.205.64.224
264,Sher,Whiles,swhiles7b@infoseek.co.jp,Female,174.246.157.43
265,Clareta,Jeroch,cjeroch7c@sohu.com,Female,180.56.251.11
266,Conney,Franceschi,cfranceschi7d@t-online.de,Male,7.117.176.153
267,Sol,Pavlitschek,spavlitschek7e@arstechnica.com,Male,11.215.157.126
268,Dyana,Cuncliffe,dcuncliffe7f@bluehost.com,Female,198.213.127.157
269,Andonis,Sevin,asevin7g@irs.gov,Male,192.237.195.24
270,Bordie,Pantecost,bpantecost7h@opera.com,Agender,187.244.139.161
271,Mead,Pourvoieur,mpourvoieur7i@unc.edu,Female,138.161.213.159
272,Debbi,Exon,dexon7j@cisco.com,Female,21.202.183.151
273,Gustave,Gilliat,ggilliat7k@mozilla.com,Male,126.125.143.124
274,Everett,Presnell,epresnell7l@psu.edu,Non-binary,224.190.245.222
275,Clayborne,Minguet,cminguet7m@livejournal.com,Male,198.121.33.140
276,Gradeigh,Winterflood,gwinterflood7n@stumbleupon.com,Male,231.148.238.222
277,Marchelle,Catteroll,mcatteroll7o@sun.com,Female,1.148.165.226
278,Noelle,Batch,nbatch7p@accuweather.com,Female,101.106.220.51
279,Gretel,Bramsen,gbramsen7q@shutterfly.com,Female,7.246.91.108
280,Monroe,Fiddy,mfiddy7r@furl.net,Male,213.124.247.32
281,Jeffry,Ash,jash7s@hostgator.com,Male,70.150.9.18
282,Marcella,Petzolt,mpetzolt7t@dailymotion.com,Female,79.74.114.107
283,Lonnie,Tickel,ltickel7u@dropbox.com,Male,101.200.202.46
284,Pavlov,Markl,pmarkl7v@prlog.org,Male,136.221.227.103
285,Eduino,Rigolle,erigolle7w@princeton.edu,Male,178.44.92.242
286,Dane,Konerding,dkonerding7x@nasa.gov,Male,193.176.121.145
287,Elia,Pretorius,epretorius7y@yandex.ru,Male,126.57.169.218
288,Rayner,Kenelin,rkenelin7z@about.com,Male,105.10.158.50
289,Antony,Mariotte,amariotte80@i2i.jp,Male,174.31.15.37
290,Garreth,Do,gdo81@scientificamerican.com,Male,163.138.154.128
291,Floyd,Foxworthy,ffoxworthy82@51.la,Male,173.214.137.16
292,Magdalen,Macknish,mmacknish83@slashdot.org,Genderfluid,246.9.185.127
293,Johnath,Roser,jroser84@nasa.gov,Female,152.127.244.170
294,Joleen,Sweatman,jsweatman85@google.co.jp,Female,155.195.5.48
295,Niles,Zanini,nzanini86@hhs.gov,Male,232.65.35.28
296,Florenza,Gath,fgath87@hc360.com,Female,102.199.143.230
297,Riley,Scullion,rscullion88@cisco.com,Male,230.20.253.199
298,Karon,Scrane,kscrane89@cdc.gov,Female,75.47.153.221
299,Frasquito,Kenner,fkenner8a@technorati.com,Male,4.111.211.31
300,Marian,Elstone,melstone8b@mlb.com,Female,177.64.183.136
301,Andonis,Joire,ajoire8c@simplemachines.org,Male,104.200.158.171
302,Kenyon,Ensley,kensley8d@diigo.com,Male,91.234.219.3
303,Trenton,Dubbin,tdubbin8e@mysql.com,Non-binary,85.66.152.61
304,Ly,Santora,lsantora8f@de.vu,Male,195.109.240.140
305,Norby,Champerlen,nchamperlen8g@ehow.com,Male,216.229.167.24
306,Adrien,Redsull,aredsull8h@census.gov,Male,248.165.254.108
307,Dani,Swetland,dswetland8i@accuweather.com,Female,200.147.69.116
308,Chiquia,Greenley,cgreenley8j@dmoz.org,Female,86.226.84.62
309,Rachael,Eastabrook,reastabrook8k@microsoft.com,Female,44.16.85.117
310,Giavani,Bonnin,gbonnin8l@guardian.co.uk,Male,75.24.113.224
311,Tania,Bucklan,tbucklan8m@amazonaws.com,Female,149.55.247.133
312,Stacia,Bettinson,sbettinson8n@mozilla.com,Female,197.67.197.112
313,Allina,Newell,anewell8o@tumblr.com,Female,170.230.46.195
314,Corbet,Schankel,cschankel8p@accuweather.com,Male,153.72.163.218
315,Coralie,Currier,ccurrier8q@hc360.com,Female,101.197.167.182
316,Valli,Sproat,vsproat8r@gizmodo.com,Female,64.3.71.137
317,Garvy,Doby,gdoby8s@privacy.gov.au,Male,178.40.159.81
318,Krissie,Yoselevitch,kyoselevitch8t@timesonline.co.uk,Female,224.194.174.123
319,Bevon,Gronauer,bgronauer8u@dagondesign.com,Male,34.95.242.234
320,Bordie,Orry,borry8v@artisteer.com,Male,202.55.212.156
321,Alberta,Yearne,ayearne8w@mozilla.org,Female,145.2.54.255
322,Kori,Emlyn,kemlyn8x@imgur.com,Female,211.232.76.54
323,Audie,Sommers,asommers8y@bigcartel.com,Female,220.7.176.48
324,Zebulon,Ethersey,zethersey8z@indiatimes.com,Male,247.226.29.242
325,Cathe,Wilstead,cwilstead90@pcworld.com,Female,38.202.255.139
326,Karisa,Farrell,kfarrell91@businesswire.com,Female,109.174.116.9
327,Tabby,Stockau,tstockau92@themeforest.net,Male,179.204.92.37
328,Lyda,Still,lstill93@patch.com,Bigender,77.103.242.158
329,Karlene,Woolstenholmes,kwoolstenholmes94@goodreads.com,Polygender,30.217.79.183
330,Tammie,Alfonso,talfonso95@reverbnation.com,Male,132.93.245.58
331,Barty,Worpole,bworpole96@barnesandnoble.com,Male,23.27.182.116
332,Sharline,Stanfield,sstanfield97@photobucket.com,Female,205.214.2.130
333,Jorie,Owenson,jowenson98@marketwatch.com,Female,148.100.223.249
334,Olwen,Baddow,obaddow99@seattletimes.com,Genderqueer,17.21.125.197
335,Luise,Oliva,loliva9a@nyu.edu,Female,249.45.146.56
336,Nonie,Scutching,nscutching9b@weibo.com,Female,80.192.139.56
337,Annamaria,Adami,aadami9c@booking.com,Female,88.221.147.155
338,Melicent,Mougel,mmougel9d@woothemes.com,Female,35.189.203.3
339,Stan,Jakeman,sjakeman9e@google.co.uk,Male,61.21.81.12
340,Gisele,Colvie,gcolvie9f@imdb.com,Female,210.190.5.102
341,Marnia,Parren,mparren9g@princeton.edu,Female,62.166.172.201
342,Jemmy,Calliss,jcalliss9h@webnode.com,Female,199.54.172.45
343,Lezlie,Moreman,lmoreman9i@t.co,Female,153.239.74.168
344,Leigh,Kernocke,lkernocke9j@slideshare.net,Male,160.116.183.179
345,Lockwood,Inworth,linworth9k@ow.ly,Male,126.162.203.35
346,Noble,Deaconson,ndeaconson9l@flickr.com,Male,33.170.144.217
347,Audre,Cuff,acuff9m@apache.org,Female,252.134.25.41
348,Muire,Campelli,mcampelli9n@reuters.com,Female,50.42.253.158
349,Charlotta,Danilchenko,cdanilchenko9o@github.com,Female,141.120.29.169
350,Hillier,Corgenvin,hcorgenvin9p@cbc.ca,Male,175.19.233.225
351,Farley,Rawe,frawe9q@upenn.edu,Male,230.253.18.39
352,Brockie,Orlton,borlton9r@godaddy.com,Male,142.210.177.19
353,Eve,Woolhouse,ewoolhouse9s@forbes.com,Female,188.119.7.56
354,Myranda,Della,mdella9t@samsung.com,Female,38.140.27.107
355,Mallorie,Otteridge,motteridge9u@g.co,Female,192.13.55.17
356,Mayer,Clemens,mclemens9v@nih.gov,Male,236.52.29.48
357,Corrie,Norwell,cnorwell9w@sbwire.com,Polygender,72.72.63.119
358,Linette,Lampet,llampet9x@dyndns.org,Female,89.73.157.250
359,Katy,Featherston,kfeatherston9y@oakley.com,Female,24.41.121.95
360,Gene,Scartifield,gscartifield9z@nasa.gov,Male,232.159.207.113
361,Bennett,Pordal,bpordala0@utexas.edu,Male,140.134.246.193
362,Nancee,Harrison,nharrisona1@ning.com,Female,175.87.84.85
363,Gisele,Brookton,gbrooktona2@mtv.com,Female,26.248.30.254
364,Norton,Stewartson,nstewartsona3@cloudflare.com,Male,239.159.88.67
365,Xerxes,Ringwood,xringwooda4@tripadvisor.com,Male,98.128.11.156
366,Phebe,Nesbit,pnesbita5@comcast.net,Female,217.71.100.145
367,Ava,Whitwood,awhitwooda6@independent.co.uk,Bigender,106.36.2.117
368,Jaclin,Amer,jamera7@xing.com,Female,55.169.246.169
369,Angelique,Timbridge,atimbridgea8@sun.com,Female,220.9.254.48
370,Orel,De Meis,odemeisa9@washingtonpost.com,Female,138.31.74.44
371,Phoebe,Heilds,pheildsaa@japanpost.jp,Female,106.95.58.210
372,Merle,Scarffe,mscarffeab@yolasite.com,Male,35.99.224.9
373,Maryrose,Viggars,mviggarsac@cisco.com,Female,124.207.164.9
374,Cassandry,Downgate,cdowngatead@plala.or.jp,Female,81.3.176.218
375,Ninette,Malone,nmaloneae@chicagotribune.com,Female,19.134.75.70
376,Nelli,Inchboard,ninchboardaf@miitbeian.gov.cn,Female,86.230.56.58
377,Koo,Gaitone,kgaitoneag@webs.com,Female,146.28.220.204
378,Bail,Thrift,bthriftah@baidu.com,Male,254.77.30.172
379,Natale,Casassa,ncasassaai@artisteer.com,Male,252.173.54.181
380,Hillery,De Souza,hdesouzaaj@cafepress.com,Male,96.63.6.123
381,Aharon,Neesam,aneesamak@geocities.com,Male,78.140.40.82
382,Susannah,Satford,ssatfordal@smh.com.au,Female,253.214.223.168
383,Aurthur,O'Corhane,aocorhaneam@dell.com,Male,153.84.189.2
384,Lazarus,Kondrat,lkondratan@wikimedia.org,Male,173.232.205.161
385,Rahal,Tremellier,rtremellierao@blogs.com,Female,116.154.36.104
386,Laural,Petyakov,lpetyakovap@usda.gov,Female,129.89.106.196
387,Horatius,Merryweather,hmerryweatheraq@economist.com,Male,143.2.252.218
388,Candida,Semper,csemperar@tiny.cc,Female,158.108.227.141
389,Beth,Jerzycowski,bjerzycowskias@foxnews.com,Female,100.20.14.186
390,Burl,Culter,bculterat@indiatimes.com,Male,201.218.28.32
391,Lona,Bruhnsen,lbruhnsenau@facebook.com,Female,186.169.100.201
392,Gabi,MacMakin,gmacmakinav@salon.com,Male,28.88.163.199
393,Tamarra,Edon,tedonaw@yale.edu,Female,249.10.211.39
394,Haroun,Trengrove,htrengroveax@networksolutions.com,Male,105.205.91.255
395,Annabelle,Wahner,awahneray@fotki.com,Female,140.226.1.32
396,Raleigh,Fenix,rfenixaz@deviantart.com,Male,194.237.175.84
397,Gates,Flello,gflellob0@accuweather.com,Female,212.221.242.106
398,Yardley,Brimner,ybrimnerb1@utexas.edu,Genderfluid,115.171.88.145
399,Stevie,Peacher,speacherb2@yale.edu,Male,161.109.197.148
400,Skipp,Ambrosch,sambroschb3@bbc.co.uk,Male,113.4.118.192
401,Celina,Forber,cforberb4@ucsd.edu,Female,147.163.215.193
402,Janot,Faunch,jfaunchb5@photobucket.com,Female,98.131.83.175
403,Myrvyn,Valde,mvaldeb6@va.gov,Male,178.191.163.178
404,Mervin,Cuthbert,mcuthbertb7@ask.com,Male,204.237.38.160
405,Hamlen,Danielian,hdanielianb8@jiathis.com,Male,234.171.189.224
406,Sigismund,Sember,ssemberb9@comsenz.com,Male,151.108.218.109
407,Laetitia,Facher,lfacherba@pen.io,Female,212.140.229.36
408,Dara,Guiso,dguisobb@vistaprint.com,Female,94.115.69.140
409,Leda,Scoble,lscoblebc@typepad.com,Female,230.179.50.88
410,Antonietta,Lots,alotsbd@etsy.com,Female,104.230.75.161
411,Dorian,Lyffe,dlyffebe@canalblog.com,Male,98.104.72.23
412,Andriana,Rosenshine,arosenshinebf@nsw.gov.au,Female,119.106.133.221
413,Carson,Mulford,cmulfordbg@icio.us,Male,104.200.103.140
414,Maxim,Humphrey,mhumphreybh@baidu.com,Male,2.218.112.187
415,Shep,Forlonge,sforlongebi@sphinn.com,Male,14.163.137.51
416,Ophelie,Lahrs,olahrsbj@apple.com,Female,82.121.98.55
417,Sallie,Parramore,sparramorebk@desdev.cn,Female,148.53.140.122
418,Lucila,Naden,lnadenbl@posterous.com,Female,225.90.44.119
419,Mela,Parslow,mparslowbm@psu.edu,Female,235.95.190.35
420,Frederick,Feldbau,ffeldbaubn@hc360.com,Male,221.188.59.245
421,Nonnah,Castelijn,ncastelijnbo@networkadvertising.org,Female,56.181.49.72
422,Marchall,Rozzier,mrozzierbp@wp.com,Male,248.181.87.128
423,Deedee,Matei,dmateibq@mozilla.org,Female,146.243.78.77
424,Pierrette,Oxherd,poxherdbr@sfgate.com,Female,219.212.190.212
425,Osgood,Cejka,ocejkabs@hao123.com,Male,169.213.5.200
426,Shena,Stallard,sstallardbt@smugmug.com,Female,185.8.28.247
427,Barbara,Kwiek,bkwiekbu@narod.ru,Polygender,33.38.78.155
428,Foster,Drews,fdrewsbv@seattletimes.com,Male,237.178.153.136
429,Nels,Shawdforth,nshawdforthbw@dot.gov,Male,221.211.247.141
430,Forbes,Tille,ftillebx@time.com,Male,108.128.225.44
431,Lucy,Haszard,lhaszardby@linkedin.com,Genderfluid,172.81.51.47
432,Lucias,Gilfoyle,lgilfoylebz@china.com.cn,Male,235.165.185.117
433,Sandi,Storton,sstortonc0@earthlink.net,Genderfluid,7.207.120.118
434,Ryun,Treharne,rtreharnec1@disqus.com,Male,135.13.60.234
435,Antonin,Helliker,ahellikerc2@who.int,Male,97.16.144.137
436,Aurthur,Tranter,atranterc3@typepad.com,Male,55.144.209.74
437,Dewitt,Carillo,dcarilloc4@miitbeian.gov.cn,Male,4.203.209.6
438,Padriac,Baert,pbaertc5@about.me,Male,121.105.48.185
439,Jeffy,Harrinson,jharrinsonc6@nature.com,Male,240.230.222.242
440,Junina,Goulston,jgoulstonc7@reference.com,Female,29.172.78.32
441,Gaelan,Hallgath,ghallgathc8@newyorker.com,Male,31.18.61.58
442,Pam,Overell,poverellc9@mac.com,Female,50.214.180.252
443,Bentley,Makin,bmakinca@vkontakte.ru,Male,180.152.96.138
444,Harmonia,Reeders,hreederscb@squarespace.com,Female,126.181.125.82
445,Rois,Limer,rlimercc@instagram.com,Female,120.147.217.157
446,Jennette,Sarfass,jsarfasscd@google.pl,Genderfluid,201.17.23.244
447,Nico,Sustins,nsustinsce@cornell.edu,Male,173.238.168.107
448,Broddie,Dike,bdikecf@elpais.com,Male,188.51.52.126
449,Rosamond,Yegorchenkov,ryegorchenkovcg@wikimedia.org,Female,177.61.223.102
450,Yolanda,Horribine,yhorribinech@wisc.edu,Female,139.233.86.165
451,Nikaniki,Andreix,nandreixci@ca.gov,Female,171.174.229.93
452,Donnie,Dorcey,ddorceycj@freewebs.com,Female,29.67.196.12
453,Ruperto,Beverley,rbeverleyck@sphinn.com,Male,64.200.251.200
454,Hobart,Ewdale,hewdalecl@hhs.gov,Male,132.60.6.133
455,Francois,Kaine,fkainecm@posterous.com,Male,27.112.66.226
456,Nolie,Findley,nfindleycn@hatena.ne.jp,Female,67.117.182.3
457,Katleen,Loram,kloramco@altervista.org,Polygender,119.225.141.193
458,Harley,Bahike,hbahikecp@clickbank.net,Male,223.109.191.166
459,Rozina,Eldredge,reldredgecq@boston.com,Female,168.23.30.94
460,Jody,Gonsalvo,jgonsalvocr@bravesites.com,Male,88.15.67.214
461,Jo-ann,Humburton,jhumburtoncs@dailymotion.com,Female,62.217.14.107
462,Giulietta,Hamsher,ghamsherct@macromedia.com,Female,75.83.139.82
463,Chane,Pennazzi,cpennazzicu@vinaora.com,Male,74.150.73.93
464,Chan,Pymar,cpymarcv@stanford.edu,Male,81.33.15.244
465,Andrea,Uglow,auglowcw@squarespace.com,Female,15.83.154.203
466,Maury,Annetts,mannettscx@linkedin.com,Male,156.9.111.148
467,Robers,Juden,rjudency@squidoo.com,Male,168.88.250.233
468,Wallache,Swaile,wswailecz@vkontakte.ru,Male,229.210.118.152
469,Flor,Bosma,fbosmad0@bing.com,Female,16.82.201.175
470,Ruby,Bresnen,rbresnend1@vimeo.com,Male,75.168.59.242
471,Else,Grunbaum,egrunbaumd2@amazonaws.com,Non-binary,205.191.18.158
472,Morna,Tarren,mtarrend3@hp.com,Female,160.77.97.184
473,Torrin,Barbour,tbarbourd4@fema.gov,Male,237.198.187.177
474,Donnie,Pedwell,dpedwelld5@aboutads.info,Female,162.243.188.155
475,Shem,MacGow,smacgowd6@eepurl.com,Male,100.139.234.132
476,Melantha,Voisey,mvoiseyd7@php.net,Female,78.190.22.231
477,Seline,Brownsworth,sbrownsworthd8@blogger.com,Female,130.242.80.123
478,Ursuline,Stanislaw,ustanislawd9@smh.com.au,Female,66.11.242.158
479,Reyna,Gorger,rgorgerda@uol.com.br,Female,65.197.155.39
480,Blanch,Ferrucci,bferruccidb@stumbleupon.com,Female,214.62.6.65
481,Gideon,Sharpous,gsharpousdc@go.com,Male,18.213.166.30
482,Joell,Pollen,jpollendd@cocolog-nifty.com,Genderqueer,120.89.78.235
483,Donna,Herrieven,dherrievende@theguardian.com,Female,40.24.71.152
484,Isak,McCarrell,imccarrelldf@comcast.net,Male,102.112.247.198
485,Leon,McMeekin,lmcmeekindg@bloomberg.com,Male,223.233.48.122
486,Cilka,Swanbourne,cswanbournedh@spotify.com,Female,212.26.187.126
487,Nickolaus,Dominicacci,ndominicaccidi@woothemes.com,Male,183.129.74.87
488,Dewey,Kingsland,dkingslanddj@ask.com,Male,238.175.14.151
489,Bernardina,Follet,bfolletdk@blinklist.com,Female,231.133.19.82
490,Leah,Wivell,lwivelldl@fc2.com,Female,146.234.85.22
491,Kahaleel,Pashan,kpashandm@ocn.ne.jp,Male,152.171.141.213
492,Toddy,De Laci,tdelacidn@cocolog-nifty.com,Male,65.24.218.218
493,Ashia,Spoor,aspoordo@odnoklassniki.ru,Female,74.192.238.134
494,Isadore,Durno,idurnodp@addtoany.com,Male,173.94.130.41
495,Kimbra,Nevins,knevinsdq@squidoo.com,Female,43.160.138.16
496,Link,Roderighi,lroderighidr@sina.com.cn,Male,6.102.230.200
497,Rena,Swannell,rswannellds@myspace.com,Female,136.216.210.42
498,Lois,Greenlees,lgreenleesdt@google.co.uk,Female,15.233.16.196
499,Henrieta,Grimston,hgrimstondu@taobao.com,Female,70.108.89.141
500,Elly,Curtis,ecurtisdv@drupal.org,Female,223.235.195.2
501,Skylar,Louche,slouchedw@squarespace.com,Male,21.82.82.159
502,Hettie,Burlay,hburlaydx@sogou.com,Female,12.206.97.36
503,Griffith,Mussilli,gmussillidy@arizona.edu,Genderqueer,180.40.159.161
504,Betti,Allaway,ballawaydz@indiatimes.com,Female,149.209.231.217
505,Klara,Mosten,kmostene0@4shared.com,Female,123.42.135.93
506,Sean,Banner,sbannere1@sourceforge.net,Female,154.20.100.217
507,Reamonn,Donett,rdonette2@dailymotion.com,Male,161.16.51.163
508,Peggi,Grossier,pgrossiere3@diigo.com,Agender,67.23.92.204
509,Phaidra,Borzoni,pborzonie4@1688.com,Female,62.100.50.79
510,Victoria,Archer,varchere5@myspace.com,Female,186.62.68.19
511,Tori,Caherny,tcahernye6@chronoengine.com,Female,178.46.199.96
512,Nappie,Gonthard,ngontharde7@ning.com,Male,189.88.96.103
513,Gerri,Ashforth,gashforthe8@ihg.com,Female,89.1.218.161
514,Bianca,Parris,bparrise9@alibaba.com,Female,241.126.37.12
515,Hobart,Salzberger,hsalzbergerea@is.gd,Male,56.209.140.94
516,Vevay,Kinnock,vkinnockeb@springer.com,Female,147.223.32.236
517,Ines,Hacquel,ihacquelec@xinhuanet.com,Female,253.124.201.55
518,Gilli,Duhig,gduhiged@nature.com,Female,166.125.49.244
519,Blancha,Penberthy,bpenberthyee@constantcontact.com,Female,124.39.151.90
520,Aarika,Bing,abingef@sogou.com,Female,204.118.146.18
521,Valeda,Gorrie,vgorrieeg@mail.ru,Female,71.33.159.167
522,Gratiana,Tebbs,gtebbseh@apache.org,Female,250.158.140.143
523,Pierrette,Loughnan,ploughnanei@moonfruit.com,Female,189.170.65.77
524,Joscelin,Wordley,jwordleyej@spotify.com,Female,93.119.214.150
525,Arty,Grunson,agrunsonek@wix.com,Male,17.32.206.237
526,Alix,Scally,ascallyel@prnewswire.com,Male,214.20.179.92
527,Ashley,Furlow,afurlowem@loc.gov,Male,141.11.159.44
528,Scotty,Brodbin,sbrodbinen@webeden.co.uk,Male,81.177.48.189
529,Casi,Holyard,cholyardeo@phoca.cz,Female,231.193.56.42
530,Kitty,Vearncomb,kvearncombep@so-net.ne.jp,Female,42.93.17.40
531,Jillene,Walworche,jwalworcheeq@whitehouse.gov,Non-binary,133.255.254.106
532,Jamaal,Biggerstaff,jbiggerstaffer@merriam-webster.com,Male,208.71.103.113
533,Kris,Minshaw,kminshawes@yahoo.co.jp,Male,161.204.69.196
534,Miner,Semiras,msemiraset@chronoengine.com,Male,106.180.96.108
535,Cecilia,Althorpe,calthorpeeu@usgs.gov,Female,109.9.109.10
536,Barnabas,Maling,bmalingev@dion.ne.jp,Male,246.219.197.126
537,Dougie,Muston,dmustonew@engadget.com,Male,150.224.48.15
538,Cobb,Andreassen,candreassenex@berkeley.edu,Male,139.138.222.227
539,Jannelle,Lawerence,jlawerenceey@canalblog.com,Female,65.195.247.177
540,Ginevra,MacArdle,gmacardleez@jigsy.com,Female,67.143.103.165
541,Osborn,Thurner,othurnerf0@ft.com,Male,102.210.211.8
542,Barbie,Redmain,bredmainf1@altervista.org,Female,40.36.146.3
543,Malory,Corben,mcorbenf2@cyberchimps.com,Female,171.201.155.56
544,Gilberto,Mucklestone,gmucklestonef3@ca.gov,Male,120.5.182.11
545,Simonette,Pedrocco,spedroccof4@vistaprint.com,Female,216.181.197.204
546,Obidiah,Spinella,ospinellaf5@time.com,Male,24.7.146.240
547,Sayres,Morais,smoraisf6@mysql.com,Male,187.246.189.79
548,Maire,Gonnin,mgonninf7@over-blog.com,Female,87.34.179.187
549,Beauregard,Girard,bgirardf8@smugmug.com,Male,252.114.227.240
550,Paddie,Bonner,pbonnerf9@virginia.edu,Male,178.80.149.221
551,Sula,Olenchikov,solenchikovfa@mysql.com,Female,127.194.16.217
552,Reginald,Badder,rbadderfb@hugedomains.com,Male,203.152.189.113
553,Benedict,Haucke,bhauckefc@indiatimes.com,Male,12.244.19.72
554,Devin,Brunone,dbrunonefd@eepurl.com,Male,2.210.74.0
555,Patricio,Handrik,phandrikfe@mtv.com,Male,57.115.199.150
556,Kipp,Pien,kpienff@businessweek.com,Male,70.142.13.133
557,Judy,Piborn,jpibornfg@dedecms.com,Female,251.88.168.42
558,Ambur,Descroix,adescroixfh@elpais.com,Female,99.21.78.147
559,Gustaf,Coda,gcodafi@sun.com,Male,206.111.141.128
560,Costanza,Curtin,ccurtinfj@skype.com,Female,68.250.118.0
561,Latrina,Maffioletti,lmaffiolettifk@wiley.com,Female,241.38.62.165
562,Krystle,Gaiford,kgaifordfl@free.fr,Female,79.92.81.204
563,Bonnie,Ketteridge,bketteridgefm@homestead.com,Female,193.156.206.117
564,Olivia,Feehely,ofeehelyfn@sakura.ne.jp,Female,93.13.242.197
565,Abbie,Deschelle,adeschellefo@nytimes.com,Female,129.196.118.35
566,Roseann,Baitey,rbaiteyfp@list-manage.com,Female,41.46.154.212
567,Kingsley,Micklewright,kmicklewrightfq@is.gd,Male,0.8.216.9
568,Elane,Gidney,egidneyfr@webeden.co.uk,Female,54.100.129.253
569,Nealson,Tyas,ntyasfs@free.fr,Male,76.74.55.205
570,Darrelle,Cosins,dcosinsft@tripod.com,Female,50.135.196.181
571,Rosaline,O'Donnell,rodonnellfu@springer.com,Female,117.11.78.81
572,Riobard,Gamlyn,rgamlynfv@elegantthemes.com,Male,182.247.205.213
573,Melitta,Cornelis,mcornelisfw@google.com.au,Female,61.246.234.231
574,Ricky,Soughton,rsoughtonfx@google.pl,Male,69.2.68.31
575,Alicia,Gurr,agurrfy@hatena.ne.jp,Female,210.164.38.94
576,Manfred,Dispencer,mdispencerfz@myspace.com,Male,187.236.131.198
577,Dedie,Gleave,dgleaveg0@census.gov,Female,46.192.3.203
578,Miguela,Muckleston,mmucklestong1@weibo.com,Female,71.113.213.242
579,Esmeralda,Moubray,emoubrayg2@ftc.gov,Non-binary,92.86.188.108
580,Clemmy,Gobeau,cgobeaug3@cisco.com,Female,228.135.54.130
581,Guthry,Smellie,gsmellieg4@alexa.com,Male,182.55.34.56
582,Roscoe,Whye,rwhyeg5@cbsnews.com,Male,231.128.57.194
583,Perren,Ganford,pganfordg6@jiathis.com,Male,11.215.201.22
584,Murdoch,Hardistry,mhardistryg7@weibo.com,Male,161.85.196.16
585,Kendricks,Painten,kpainteng8@va.gov,Agender,119.26.25.180
586,Dannye,Lebel,dlebelg9@opera.com,Female,48.31.139.114
587,Ryun,Drayson,rdraysonga@soup.io,Male,22.209.97.166
588,Almira,MacShirrie,amacshirriegb@theatlantic.com,Female,166.119.29.227
589,Jervis,Beckers,jbeckersgc@ucoz.ru,Male,147.200.175.165
590,Randi,Dumingo,rdumingogd@vistaprint.com,Male,186.112.114.98
591,Demetris,Comazzo,dcomazzoge@japanpost.jp,Female,157.173.227.166
592,Maximo,Haselhurst,mhaselhurstgf@arstechnica.com,Male,230.15.181.222
593,Giorgio,McCamish,gmccamishgg@msn.com,Male,131.230.114.188
594,Roxanne,Rastall,rrastallgh@arizona.edu,Female,98.220.251.141
595,Gregg,Silvermann,gsilvermanngi@wikimedia.org,Male,168.11.215.92
596,Suzann,Hills,shillsgj@mysql.com,Female,43.2.198.12
597,Corella,Bourrel,cbourrelgk@networksolutions.com,Female,86.142.9.36
598,Jarvis,Barden,jbardengl@ow.ly,Male,39.42.244.217
599,Julietta,Cursons,jcursonsgm@cam.ac.uk,Polygender,123.49.191.86
600,Khalil,MacFarlane,kmacfarlanegn@pen.io,Bigender,90.139.193.42
601,Gunar,Kuna,gkunago@squidoo.com,Genderfluid,123.150.21.92
602,Ina,Wildblood,iwildbloodgp@simplemachines.org,Female,178.237.126.113
603,Kesley,Stonuary,kstonuarygq@zdnet.com,Female,97.146.40.221
604,Liam,Gilhouley,lgilhouleygr@purevolume.com,Male,157.34.13.57
605,Natty,Franey,nfraneygs@spotify.com,Female,85.172.108.153
606,Hurlee,Clawson,hclawsongt@census.gov,Male,41.215.12.200
607,Nowell,Teresia,nteresiagu@comcast.net,Male,190.249.19.194
608,Eldridge,Petrol,epetrolgv@freewebs.com,Male,49.225.179.76
609,Ellery,Wittering,ewitteringgw@discovery.com,Male,126.72.216.75
610,Elinore,Brogini,ebroginigx@arizona.edu,Female,237.226.255.9
611,Myranda,Le Merchant,mlemerchantgy@nih.gov,Female,159.96.52.110
612,Kath,Trustey,ktrusteygz@freewebs.com,Female,61.150.123.44
613,Vince,Arundell,varundellh0@squidoo.com,Male,74.30.184.155
614,Agnella,Garmons,agarmonsh1@hibu.com,Female,91.93.34.0
615,Minny,Nevet,mneveth2@wordpress.org,Female,161.23.222.251
616,Avril,Lowndsbrough,alowndsbroughh3@bravesites.com,Female,253.79.32.142
617,Lorinda,Dubery,lduberyh4@soup.io,Female,135.192.53.255
618,Fairleigh,Fraschetti,ffraschettih5@spotify.com,Male,139.88.163.47
619,Kaela,Bonham,kbonhamh6@biblegateway.com,Female,23.15.28.43
620,Teirtza,Crohan,tcrohanh7@123-reg.co.uk,Female,28.56.74.180
621,Andria,Baudinet,abaudineth8@google.ca,Female,198.16.156.213
622,Brock,Legg,bleggh9@sakura.ne.jp,Male,100.95.63.209
623,Towney,Corrao,tcorraoha@google.com,Male,19.241.165.16
624,Giovanna,Lent,glenthb@blogger.com,Female,249.143.18.20
625,Marleen,Nesey,mneseyhc@independent.co.uk,Female,253.69.65.169
626,Barbra,Morehall,bmorehallhd@issuu.com,Genderfluid,21.120.212.234
627,Ripley,Laudham,rlaudhamhe@bizjournals.com,Male,154.54.0.246
628,Una,Taffs,utaffshf@marriott.com,Female,193.45.199.25
629,Abigail,Leinweber,aleinweberhg@simplemachines.org,Genderfluid,48.183.170.60
630,Cordi,Peasnone,cpeasnonehh@yellowbook.com,Bigender,177.134.171.210
631,Holt,Afonso,hafonsohi@prlog.org,Male,110.19.233.144
632,Ysabel,Saulter,ysaulterhj@discuz.net,Female,111.185.110.176
633,Brew,Hacker,bhackerhk@shutterfly.com,Male,232.99.196.50
634,Sergent,Cattellion,scattellionhl@godaddy.com,Male,21.204.85.149
635,Lydie,Bartocci,lbartoccihm@exblog.jp,Female,245.128.167.186
636,Lucie,Marley,lmarleyhn@narod.ru,Female,183.92.14.78
637,Timothy,Livock,tlivockho@si.edu,Male,188.118.218.223
638,Dacy,Baldinotti,dbaldinottihp@tripod.com,Female,208.52.147.105
639,Zorine,Gillino,zgillinohq@theatlantic.com,Female,65.53.106.151
640,Grissel,Brooking,gbrookinghr@indiegogo.com,Female,250.118.150.78
641,Salim,Stenyng,sstenynghs@intel.com,Male,127.205.244.99
642,Germain,Dumphries,gdumphriesht@parallels.com,Female,75.38.0.112
643,Alberto,Eplate,aeplatehu@360.cn,Male,39.8.97.43
644,Trev,Norville,tnorvillehv@cnn.com,Male,234.168.246.6
645,Vanni,Ebdin,vebdinhw@hc360.com,Female,223.33.209.111
646,Lief,Leibold,lleiboldhx@eventbrite.com,Male,141.162.1.187
647,Nicko,Coulthard,ncoulthardhy@spotify.com,Polygender,226.36.12.48
648,Catlaina,Loudyan,cloudyanhz@histats.com,Polygender,82.104.141.157
649,Odelia,Robertot,orobertoti0@studiopress.com,Female,24.222.184.18
650,Inger,Binns,ibinnsi1@domainmarket.com,Male,44.10.85.77
651,Mathian,Borgne,mborgnei2@ca.gov,Genderqueer,9.26.65.112
652,Odetta,Dimelow,odimelowi3@opensource.org,Bigender,208.35.64.211
653,Caryl,Zellner,czellneri4@merriam-webster.com,Female,24.54.88.153
654,Merell,Kunze,mkunzei5@howstuffworks.com,Male,86.40.16.37
655,Clareta,Grenfell,cgrenfelli6@mashable.com,Female,129.64.187.99
656,Fredrika,Spenceley,fspenceleyi7@ow.ly,Female,144.97.88.123
657,Hildy,Ouver,houveri8@so-net.ne.jp,Female,65.164.137.149
658,Evelyn,Roseburgh,eroseburghi9@bravesites.com,Female,22.117.248.71
659,Francesco,Glowacha,fglowachaia@dailymail.co.uk,Male,247.131.102.203
660,Gerda,Goodband,ggoodbandib@mozilla.org,Female,217.214.153.21
661,Ardith,Brychan,abrychanic@instagram.com,Female,112.43.50.12
662,Barnard,Eastbury,beastburyid@themeforest.net,Male,234.253.50.170
663,Hy,Deville,hdevilleie@multiply.com,Male,30.136.70.122
664,Lucina,Reedie,lreedieif@timesonline.co.uk,Female,185.182.26.105
665,Baldwin,Dresser,bdresserig@t.co,Bigender,20.31.173.50
666,Ardys,Reihm,areihmih@geocities.com,Female,27.34.14.3
667,Willyt,Poston,wpostonii@unesco.org,Female,246.104.144.144
668,Austin,Kohrt,akohrtij@homestead.com,Male,149.177.99.123
669,Wilbur,Posner,wposnerik@samsung.com,Male,39.58.47.147
670,Bjorn,Kiehnlt,bkiehnltil@cnet.com,Male,68.114.113.93
671,Roddie,Middlebrook,rmiddlebrookim@yelp.com,Male,80.187.252.190
672,Susann,Pechold,specholdin@gravatar.com,Female,242.169.129.21
673,Martelle,Jamme,mjammeio@wix.com,Female,12.61.254.38
674,Ado,Woolfall,awoolfallip@flickr.com,Male,234.64.112.123
675,Sumner,Iacomi,siacomiiq@google.pl,Male,30.204.137.47
676,Julina,Titherington,jtitheringtonir@columbia.edu,Female,250.242.198.222
677,Anya,Petto,apettois@bloglines.com,Female,109.202.246.204
678,Norby,Ellen,nellenit@yale.edu,Male,172.99.248.204
679,Sallyanne,Fonquernie,sfonquernieiu@photobucket.com,Female,244.84.42.15
680,Alexis,Vertigan,avertiganiv@go.com,Female,32.86.180.160
681,Eal,Lowater,elowateriw@blogspot.com,Male,107.188.230.94
682,Vitia,Klugel,vklugelix@ycombinator.com,Female,5.98.251.205
683,Aurilia,Burdass,aburdassiy@vimeo.com,Female,154.35.193.32
684,Tilly,Waple,twapleiz@unicef.org,Female,82.62.105.60
685,Lorenza,Rens,lrensj0@webs.com,Female,55.34.7.31
686,Diana,Simanek,dsimanekj1@si.edu,Female,159.64.154.208
687,Sallyann,Handrock,shandrockj2@flavors.me,Female,91.65.129.91
688,Marylee,Hancell,mhancellj3@plala.or.jp,Female,235.189.252.95
689,Estrella,Leverett,eleverettj4@nationalgeographic.com,Female,226.52.54.161
690,Salmon,Oven,sovenj5@free.fr,Male,241.135.151.203
691,Miles,MacLleese,mmaclleesej6@washington.edu,Male,15.79.200.92
692,Ardith,Couzens,acouzensj7@yolasite.com,Bigender,177.100.138.158
693,Merell,Kelwaybamber,mkelwaybamberj8@godaddy.com,Male,88.217.40.157
694,Meyer,Pidgeon,mpidgeonj9@dyndns.org,Male,67.234.166.115
695,Frederick,Bresson,fbressonja@blinklist.com,Male,97.189.35.91
696,Emera,Heigho,eheighojb@liveinternet.ru,Female,226.75.206.93
697,Erwin,Harg,ehargjc@meetup.com,Male,134.247.32.112
698,Casie,Pieter,cpieterjd@msu.edu,Female,168.98.63.32
699,Demetri,Demschke,ddemschkeje@furl.net,Male,137.28.90.111
700,Beck,Bernardeau,bbernardeaujf@prlog.org,Male,151.229.122.191
701,Augustin,Cutler,acutlerjg@networksolutions.com,Male,81.114.0.13
702,Ario,Lisamore,alisamorejh@bbb.org,Male,25.108.82.11
703,Benyamin,Dono,bdonoji@statcounter.com,Male,19.204.173.5
704,Magnum,Wolfart,mwolfartjj@google.nl,Male,5.208.133.74
705,Clo,Vivers,cviversjk@paypal.com,Female,2.238.75.240
706,Bent,Boyse,bboysejl@mtv.com,Male,52.187.222.191
707,Happy,Berringer,hberringerjm@barnesandnoble.com,Female,181.158.34.116
708,Sibeal,Brudenell,sbrudenelljn@meetup.com,Female,215.178.201.98
709,Dody,Paris,dparisjo@java.com,Female,233.241.178.179
710,Rory,Dwyr,rdwyrjp@free.fr,Female,97.130.253.29
711,Pierson,Egel,pegeljq@blogspot.com,Male,30.193.53.25
712,Elita,Brecher,ebrecherjr@51.la,Female,195.233.59.135
713,Shalom,Hannis,shannisjs@timesonline.co.uk,Male,26.221.7.155
714,Boony,Kiley,bkileyjt@mit.edu,Male,35.233.96.35
715,Udall,Sherwyn,usherwynju@issuu.com,Male,181.137.111.20
716,Connie,Jewkes,cjewkesjv@hhs.gov,Female,253.83.88.91
717,Randee,Douch,rdouchjw@hostgator.com,Female,214.156.58.187
718,Frannie,Archdeacon,farchdeaconjx@t.co,Male,14.177.28.113
719,Jammie,Frackiewicz,jfrackiewiczjy@symantec.com,Female,72.46.212.85
720,Lay,Klagge,lklaggejz@fastcompany.com,Male,96.98.141.245
721,Aurel,Vellden,avelldenk0@icq.com,Female,80.137.190.1
722,Sergeant,Hek,shekk1@dyndns.org,Male,128.177.56.189
723,Romona,Varlow,rvarlowk2@gnu.org,Female,35.142.92.190
724,Roseann,Linstead,rlinsteadk3@ezinearticles.com,Female,232.198.21.248
725,Arvy,Deeming,adeemingk4@a8.net,Male,207.115.117.20
726,Trix,Claque,tclaquek5@sphinn.com,Female,92.171.216.234
727,Joelle,Le Batteur,jlebatteurk6@ebay.co.uk,Female,121.4.142.28
728,Tish,Houndsom,thoundsomk7@virginia.edu,Genderfluid,203.210.12.51
729,Rik,Van Arsdall,rvanarsdallk8@vistaprint.com,Male,165.168.177.11
730,Dunn,McTrustam,dmctrustamk9@jimdo.com,Male,81.107.46.16
731,Harman,Ludewig,hludewigka@ask.com,Male,9.171.237.193
732,Monica,Livett,mlivettkb@samsung.com,Female,192.104.39.67
733,Giorgi,Fahy,gfahykc@dailymotion.com,Male,89.174.32.242
734,Marena,Brisbane,mbrisbanekd@sphinn.com,Non-binary,210.225.108.81
735,Tiffani,Gipp,tgippke@fotki.com,Female,229.195.58.174
736,Annmaria,Armfirld,aarmfirldkf@miitbeian.gov.cn,Female,175.231.54.122
737,Wilden,Twyford,wtwyfordkg@eventbrite.com,Male,201.9.203.197
738,Carlita,Mellanby,cmellanbykh@printfriendly.com,Female,162.126.250.34
739,Angelico,Brunning,abrunningki@prweb.com,Male,44.114.32.46
740,Wendel,Dadley,wdadleykj@constantcontact.com,Male,194.208.126.97
741,Ibrahim,Allgood,iallgoodkk@bravesites.com,Male,209.58.148.162
742,Matthew,Slewcock,mslewcockkl@redcross.org,Male,153.57.193.11
743,Kenna,Milburn,kmilburnkm@unc.edu,Non-binary,159.36.53.30
744,Rodger,Basterfield,rbasterfieldkn@geocities.jp,Male,94.71.192.69
745,Evaleen,Kimmel,ekimmelko@miitbeian.gov.cn,Female,95.48.190.212
746,Inesita,Elis,ieliskp@patch.com,Female,47.65.83.43
747,Brant,Joseland,bjoselandkq@nbcnews.com,Male,251.94.6.230
748,Gwenneth,Woloschin,gwoloschinkr@tmall.com,Female,62.119.161.120
749,Kenny,Leipelt,kleipeltks@cnbc.com,Male,240.175.1.89
750,Jemmie,Jeyness,jjeynesskt@stumbleupon.com,Female,4.92.112.28
751,Cherida,Filyakov,cfilyakovku@bloglovin.com,Female,210.215.95.202
752,Uriel,Florio,ufloriokv@washingtonpost.com,Male,106.120.34.204
753,Zachary,Marsy,zmarsykw@stanford.edu,Male,232.70.204.9
754,Madella,Lintin,mlintinkx@nsw.gov.au,Female,23.255.97.108
755,Bertrando,Briggs,bbriggsky@home.pl,Male,158.209.109.207
756,Parke,Pikesley,ppikesleykz@spiegel.de,Agender,22.107.61.140
757,Odelia,Pourvoieur,opourvoieurl0@1688.com,Female,117.97.129.9
758,Barnie,Cristofvao,bcristofvaol1@squidoo.com,Genderfluid,249.244.202.108
759,Jasun,Doumerc,jdoumercl2@npr.org,Male,252.6.109.249
760,Claretta,Hayles,chaylesl3@amazonaws.com,Female,23.112.190.246
761,Quincy,Baversor,qbaversorl4@reference.com,Male,233.82.77.98
762,Broddy,Westoff,bwestoffl5@china.com.cn,Genderfluid,235.21.176.238
763,Scot,Risbrough,srisbroughl6@sourceforge.net,Male,161.194.185.76
764,Creighton,Lindenboim,clindenboiml7@samsung.com,Male,30.12.198.69
765,Royal,Duley,rduleyl8@sohu.com,Male,246.208.111.15
766,Marielle,Pardoe,mpardoel9@techcrunch.com,Female,60.69.177.22
767,Chrystel,Aylott,caylottla@biglobe.ne.jp,Female,148.184.27.131
768,Jacquette,Tassell,jtasselllb@sun.com,Female,216.225.192.216
769,Basilio,Odlin,bodlinlc@wunderground.com,Male,136.80.14.70
770,Ninnetta,Orpen,norpenld@amazonaws.com,Female,219.120.117.183
771,Clywd,Robiou,crobioule@slate.com,Male,121.210.103.56
772,Hobart,Dymidowicz,hdymidowiczlf@furl.net,Male,205.146.207.160
773,Barnard,Alker,balkerlg@illinois.edu,Male,107.181.73.28
774,Gus,Crinkley,gcrinkleylh@statcounter.com,Bigender,83.151.193.205
775,Hughie,Ferrarello,hferrarelloli@vistaprint.com,Male,237.47.243.211
776,Katey,Mansfield,kmansfieldlj@livejournal.com,Female,62.4.34.73
777,Edouard,Lonsdale,elonsdalelk@nih.gov,Male,59.31.140.86
778,Debby,Choppen,dchoppenll@dyndns.org,Female,130.40.252.63
779,Dmitri,Bannester,dbannesterlm@xinhuanet.com,Male,234.10.238.137
780,Clemence,Whitmore,cwhitmoreln@ucla.edu,Female,170.226.2.62
781,Aliza,Canby,acanbylo@lycos.com,Female,114.10.149.63
782,Veronica,Chillistone,vchillistonelp@chronoengine.com,Female,42.110.178.103
783,Jozef,Heaford,jheafordlq@gmpg.org,Male,140.147.12.101
784,Diego,Byart,dbyartlr@cbslocal.com,Genderqueer,120.10.162.41
785,Marvin,Filipiak,mfilipiakls@g.co,Male,205.176.138.204
786,Artemas,Gerson,agersonlt@theatlantic.com,Non-binary,68.231.113.178
787,Vanya,Feldbaum,vfeldbaumlu@devhub.com,Male,223.246.175.205
788,Karina,Orcas,korcaslv@unc.edu,Female,56.211.21.110
789,Adrian,Chawkley,achawkleylw@google.co.jp,Male,46.54.201.96
790,Charmine,Dominec,cdomineclx@theatlantic.com,Female,125.152.89.225
791,Carol-jean,Suff,csuffly@is.gd,Female,22.96.29.215
792,Dulcine,De la Eglise,ddelaegliselz@cmu.edu,Female,242.11.140.114
793,Morgan,De Angelis,mdeangelism0@fc2.com,Bigender,111.164.78.24
794,April,Fielder,afielderm1@usatoday.com,Female,202.7.231.109
795,Gerard,Downton,gdowntonm2@chronoengine.com,Male,227.154.90.113
796,Konstantin,Dick,kdickm3@tamu.edu,Male,243.180.105.4
797,Ralph,Biggans,rbiggansm4@goodreads.com,Male,51.203.4.246
798,Marlin,Dulson,mdulsonm5@hp.com,Male,18.165.61.110
799,Em,Imms,eimmsm6@friendfeed.com,Polygender,119.165.216.66
800,Lanita,Straun,lstraunm7@goo.ne.jp,Female,39.226.228.249
801,Thorsten,Roberds,troberdsm8@ed.gov,Male,135.15.254.24
802,Inga,Hattigan,ihattiganm9@nature.com,Female,35.181.140.78
803,Marilee,Preene,mpreenema@merriam-webster.com,Female,41.173.46.58
804,Aldric,Trevithick,atrevithickmb@lycos.com,Male,8.169.220.142
805,Craggie,Ditts,cdittsmc@hatena.ne.jp,Male,75.136.54.97
806,Ewen,Leebetter,eleebettermd@skype.com,Male,205.172.24.18
807,Petronille,Davidow,pdavidowme@jugem.jp,Female,251.130.66.208
808,Mortimer,Cormack,mcormackmf@smugmug.com,Male,247.245.188.81
809,Nessie,Boole,nboolemg@biglobe.ne.jp,Female,150.227.111.231
810,Mort,Ashcroft,mashcroftmh@youku.com,Male,254.208.67.109
811,Liam,Kleinsinger,lkleinsingermi@pbs.org,Male,113.76.151.214
812,Ervin,Janes,ejanesmj@behance.net,Male,115.49.39.194
813,Thaxter,McGettigan,tmcgettiganmk@csmonitor.com,Polygender,253.15.42.209
814,Dona,Louisot,dlouisotml@meetup.com,Female,210.155.100.172
815,Tera,Walbrook,twalbrookmm@blog.com,Female,175.53.190.216
816,Friedrick,Vallentin,fvallentinmn@craigslist.org,Male,64.46.73.86
817,Cacilia,Riatt,criattmo@go.com,Female,119.13.128.60
818,Wallis,Paulack,wpaulackmp@infoseek.co.jp,Female,173.217.122.170
819,Lorene,Callister,lcallistermq@sohu.com,Female,84.136.22.72
820,Kara,Kubelka,kkubelkamr@godaddy.com,Female,87.226.88.28
821,Ulrika,Erlam,uerlamms@eventbrite.com,Female,127.189.211.79
822,Berty,Ayto,baytomt@techcrunch.com,Genderqueer,248.131.210.0
823,Miguel,Zanneli,mzannelimu@cornell.edu,Male,127.204.72.120
824,Ashbey,Ilsley,ailsleymv@usatoday.com,Male,26.39.108.119
825,Osborne,Teffrey,oteffreymw@drupal.org,Male,191.144.231.99
826,Lazare,Seawell,lseawellmx@ox.ac.uk,Male,22.22.26.193
827,Jesse,Heaker,jheakermy@jiathis.com,Male,225.178.156.145
828,Cart,Sedgeworth,csedgeworthmz@cdc.gov,Male,133.102.35.241
829,Marwin,Shall,mshalln0@clickbank.net,Male,103.171.30.178
830,Wolfy,Fenech,wfenechn1@list-manage.com,Male,203.201.245.191
831,Milka,Haslen,mhaslenn2@amazon.de,Genderqueer,17.211.93.203
832,Gunilla,Cowlas,gcowlasn3@ft.com,Female,98.9.226.105
833,Giralda,Worswick,gworswickn4@flavors.me,Female,158.114.23.205
834,Eleanor,Crocken,ecrockenn5@twitpic.com,Female,123.251.39.25
835,Zenia,Phorsby,zphorsbyn6@w3.org,Female,211.241.39.152
836,Kennith,Bondesen,kbondesenn7@goodreads.com,Male,193.13.238.25
837,Sheelagh,Holt,sholtn8@bloglines.com,Female,129.195.182.100
838,Donall,Hugill,dhugilln9@nba.com,Male,222.68.104.74
839,Zedekiah,Pedder,zpedderna@cnbc.com,Genderqueer,129.7.176.10
840,Harris,Hacon,hhaconnb@xrea.com,Male,205.227.87.98
841,Ingemar,Gynne,igynnenc@dedecms.com,Male,15.218.237.221
842,Angela,Bouzek,abouzeknd@chron.com,Female,10.214.157.35
843,Ernesta,Allnutt,eallnuttne@clickbank.net,Female,194.218.139.59
844,Yule,Whistance,ywhistancenf@flavors.me,Male,100.231.9.137
845,Egor,Renshall,erenshallng@about.com,Genderqueer,21.209.225.114
846,Gilbert,Eaglesham,geagleshamnh@yandex.ru,Male,38.35.195.74
847,Kylie,MacCole,kmaccoleni@studiopress.com,Female,79.88.221.173
848,Judie,Piccop,jpiccopnj@google.cn,Female,130.82.121.187
849,Ralf,Jancik,rjanciknk@nydailynews.com,Male,36.244.166.202
850,Leupold,Mannion,lmannionnl@ow.ly,Male,62.96.189.214
851,Tom,Anelay,tanelaynm@dell.com,Male,69.141.15.162
852,Cathleen,Tapin,ctapinnn@elpais.com,Female,14.59.206.127
853,Zacharias,Howley,zhowleyno@wsj.com,Male,154.58.204.37
854,Michale,Reary,mrearynp@webnode.com,Male,31.222.10.140
855,Rossie,Bourdis,rbourdisnq@chron.com,Genderfluid,102.132.207.215
856,Suzy,Baffin,sbaffinnr@scribd.com,Female,66.150.10.8
857,Anatola,McFadyen,amcfadyenns@redcross.org,Female,235.71.213.207
858,Willy,Gencke,wgenckent@github.io,Female,12.108.113.249
859,Karoline,Titta,ktittanu@weather.com,Female,31.173.246.79
860,Debor,Bartram,dbartramnv@privacy.gov.au,Female,91.128.225.240
861,Juliann,Mammatt,jmammattnw@house.gov,Female,232.55.229.181
862,Dedie,Petraitis,dpetraitisnx@google.pl,Female,151.177.142.218
863,Eustacia,Shemmans,eshemmansny@huffingtonpost.com,Female,63.197.66.89
864,Barnabas,Levison,blevisonnz@columbia.edu,Male,175.114.203.129
865,Demetre,Hartright,dhartrighto0@oakley.com,Male,108.34.129.137
866,Dollie,Kilby,dkilbyo1@jugem.jp,Female,170.5.37.249
867,Luigi,Ferreri,lferrerio2@cdbaby.com,Male,44.63.191.217
868,Melly,Wethered,mwetheredo3@chronoengine.com,Female,132.248.91.145
869,Raff,Penchen,rpencheno4@google.es,Male,25.89.244.243
870,Irina,Easen,ieaseno5@wikia.com,Genderfluid,114.54.43.219
871,Katerina,Craze,kcrazeo6@cloudflare.com,Female,1.107.44.36
872,Brandice,Pool,bpoolo7@cisco.com,Female,92.43.129.199
873,Minette,Densell,mdensello8@latimes.com,Female,167.7.225.249
874,Celinka,Dullingham,cdullinghamo9@myspace.com,Female,37.166.126.92
875,Barret,York,byorkoa@scientificamerican.com,Male,109.65.248.19
876,Garry,Greaves,ggreavesob@reuters.com,Male,27.146.9.99
877,Nady,Yewman,nyewmanoc@nhs.uk,Female,209.83.91.193
878,Emlynne,Veld,eveldod@cnbc.com,Bigender,52.255.23.133
879,Aileen,MacDonald,amacdonaldoe@irs.gov,Female,186.194.92.247
880,Carlee,Mottley,cmottleyof@mlb.com,Female,194.214.28.255
881,Park,Shuttlewood,pshuttlewoodog@vkontakte.ru,Male,246.183.73.101
882,Dedie,Decent,ddecentoh@techcrunch.com,Female,97.156.203.143
883,Myles,Coverdale,mcoverdaleoi@netscape.com,Male,190.255.131.123
884,Amanda,Cacacie,acacacieoj@alexa.com,Female,29.135.180.35
885,Glori,Wybrew,gwybrewok@usatoday.com,Female,86.71.213.250
886,Godfree,Pickaver,gpickaverol@aol.com,Male,86.6.232.222
887,Arnuad,Lenden,alendenom@t-online.de,Male,152.129.89.170
888,Claudio,Eburah,ceburahon@pagesperso-orange.fr,Agender,151.155.232.223
889,Omero,Meyrick,omeyrickoo@slideshare.net,Male,162.46.74.49
890,Aleksandr,Adicot,aadicotop@xinhuanet.com,Male,82.238.220.94
891,Gianna,Paunsford,gpaunsfordoq@ed.gov,Female,58.195.165.153
892,Penni,Thoday,pthodayor@taobao.com,Female,224.87.176.154
893,Tudor,Challes,tchallesos@spiegel.de,Male,55.39.159.153
894,Ganny,Antonnikov,gantonnikovot@sfgate.com,Male,204.116.168.75
895,Danyette,Jarrett,djarrettou@kickstarter.com,Female,37.236.103.236
896,Erina,Tutin,etutinov@toplist.cz,Female,166.144.119.33
897,Bevvy,Willford,bwillfordow@eventbrite.com,Female,205.123.104.170
898,Tanner,Trundle,ttrundleox@storify.com,Genderfluid,26.68.238.253
899,Hyman,Maundrell,hmaundrelloy@fotki.com,Male,18.36.200.110
900,Angelina,Corfield,acorfieldoz@harvard.edu,Female,104.165.79.207
901,Gusta,Kubalek,gkubalekp0@networkadvertising.org,Female,28.98.57.103
902,Antonin,Adamsen,aadamsenp1@miitbeian.gov.cn,Male,225.179.167.126
903,Granville,Nemchinov,gnemchinovp2@tmall.com,Male,64.234.127.248
904,Earvin,Hamby,ehambyp3@sciencedirect.com,Male,89.205.90.92
905,Elsey,Cornforth,ecornforthp4@ifeng.com,Female,254.153.48.94
906,Lothario,Rickersey,lrickerseyp5@elegantthemes.com,Male,120.4.88.112
907,Fiorenze,Mennell,fmennellp6@scribd.com,Female,224.1.79.86
908,Kirsten,Benninger,kbenningerp7@techcrunch.com,Female,42.253.5.240
909,Katti,Canham,kcanhamp8@wp.com,Female,100.98.246.150
910,Moselle,Tale,mtalep9@aol.com,Female,75.58.187.150
911,Whit,Joseph,wjosephpa@google.cn,Male,216.26.239.94
912,Serene,Cannings,scanningspb@bandcamp.com,Female,159.21.148.119
913,Foss,Ricson,fricsonpc@networkadvertising.org,Male,6.163.239.178
914,Rudyard,Narrie,rnarriepd@squidoo.com,Non-binary,41.110.152.145
915,Rosalind,Leidecker,rleideckerpe@goodreads.com,Female,106.240.253.241
916,Marquita,Winsom,mwinsompf@europa.eu,Female,69.70.148.248
917,Ernestus,Terrell,eterrellpg@ameblo.jp,Male,104.114.119.75
918,Thedrick,Stretton,tstrettonph@noaa.gov,Male,147.157.196.28
919,Dulciana,Gunton,dguntonpi@mozilla.org,Female,87.100.136.131
920,Hernando,Zecchii,hzecchiipj@baidu.com,Male,132.127.146.101
921,Brigida,Witherington,bwitheringtonpk@pbs.org,Polygender,194.215.106.12
922,Pyotr,Harriss,pharrisspl@lulu.com,Polygender,196.157.167.163
923,Julia,Blaza,jblazapm@e-recht24.de,Female,151.194.74.219
924,Zoe,Tittershill,ztittershillpn@sogou.com,Female,96.96.176.105
925,Fanny,Charrett,fcharrettpo@latimes.com,Female,36.46.151.175
926,Adelaida,Sills,asillspp@lycos.com,Female,14.124.182.224
927,Stanley,Desvignes,sdesvignespq@ycombinator.com,Male,187.22.176.96
928,Bev,Thynn,bthynnpr@economist.com,Male,219.49.71.66
929,Herculie,Trevaskiss,htrevaskissps@addtoany.com,Male,50.31.200.108
930,Padget,Talmadge,ptalmadgept@barnesandnoble.com,Male,181.122.130.96
931,Randi,Kyle,rkylepu@pbs.org,Male,26.203.189.234
932,Aguie,Brierton,abriertonpv@ask.com,Male,52.79.77.0
933,Bail,Mulryan,bmulryanpw@epa.gov,Male,18.120.5.9
934,Jaymee,Kender,jkenderpx@jimdo.com,Female,132.239.169.180
935,Rene,Bassilashvili,rbassilashvilipy@google.it,Female,160.191.186.217
936,Cece,Trengrove,ctrengrovepz@nps.gov,Male,143.32.171.28
937,Bartholomeo,Mathan,bmathanq0@yale.edu,Male,79.5.75.239
938,Johnna,Ettels,jettelsq1@opensource.org,Female,131.19.57.179
939,Dag,Rozenbaum,drozenbaumq2@github.io,Male,5.19.137.32
940,Shaughn,Mallalieu,smallalieuq3@google.co.uk,Male,255.198.188.230
941,Burty,Dik,bdikq4@cpanel.net,Male,238.132.221.184
942,Vanda,Curzey,vcurzeyq5@ucoz.ru,Female,104.54.11.203
943,Phil,Blagburn,pblagburnq6@bloglines.com,Female,205.55.234.22
944,Cobbie,Duferie,cduferieq7@t.co,Male,187.132.17.123
945,Royall,Churchlow,rchurchlowq8@salon.com,Male,253.80.69.82
946,Bryan,Hillyatt,bhillyattq9@issuu.com,Male,195.243.185.64
947,Louella,Tidey,ltideyqa@eventbrite.com,Female,26.35.231.181
948,Klement,Carradice,kcarradiceqb@globo.com,Male,99.50.185.192
949,Hannah,Pratley,hpratleyqc@smugmug.com,Female,244.222.178.240
950,Sergent,Duerdin,sduerdinqd@engadget.com,Male,70.50.153.196
951,Lura,MacCheyne,lmaccheyneqe@cbslocal.com,Female,223.70.156.119
952,Jyoti,Osan,josanqf@netvibes.com,Female,223.9.47.199
953,Roger,Ramsbottom,rramsbottomqg@icio.us,Male,80.206.161.8
954,Rhea,Early,rearlyqh@addthis.com,Female,241.136.3.180
955,Ora,Bockler,obocklerqi@naver.com,Female,211.251.152.240
956,Harmonie,Laurenzi,hlaurenziqj@msn.com,Female,226.119.51.136
957,Wesley,Klimkiewich,wklimkiewichqk@spiegel.de,Male,214.151.55.14
958,Alla,Struan,astruanql@nifty.com,Bigender,99.127.151.180
959,Abramo,Burgane,aburganeqm@netscape.com,Genderfluid,44.8.103.45
960,Daisey,Mc Dermid,dmcdermidqn@amazon.co.jp,Female,243.192.147.255
961,Leena,Josef,ljosefqo@gov.uk,Female,191.49.3.153
962,Dinny,Guidini,dguidiniqp@webmd.com,Female,51.251.41.153
963,Tisha,Doni,tdoniqq@nyu.edu,Female,220.242.154.160
964,Odelinda,Colegrove,ocolegroveqr@phoca.cz,Female,175.78.161.209
965,Gisella,Dunkerley,gdunkerleyqs@xinhuanet.com,Female,42.21.202.48
966,Gunar,Klageman,gklagemanqt@auda.org.au,Male,80.241.139.66
967,Dionysus,Fentem,dfentemqu@cloudflare.com,Male,113.240.116.63
968,Nicky,Glassopp,nglassoppqv@vistaprint.com,Female,214.172.85.215
969,Sukey,Talbot,stalbotqw@flickr.com,Female,7.120.193.196
970,Berke,Colyer,bcolyerqx@t-online.de,Male,145.22.140.1
971,Elicia,Murcott,emurcottqy@bandcamp.com,Female,206.50.165.15
972,Bren,Wooton,bwootonqz@google.com,Male,252.219.167.52
973,Sherwood,Sterman,sstermanr0@accuweather.com,Male,8.11.242.186
974,Jacinta,Droghan,jdroghanr1@ask.com,Female,221.252.47.139
975,Jerrilee,Legister,jlegisterr2@hao123.com,Non-binary,65.146.84.122
976,Elmore,Chastanet,echastanetr3@gravatar.com,Male,193.246.216.179
977,Mickey,Van der Hoeven,mvanderhoevenr4@plala.or.jp,Male,67.235.245.119
978,Abram,Enrrico,aenrricor5@google.fr,Male,212.226.154.204
979,Ruprecht,Shenfish,rshenfishr6@bing.com,Male,200.187.52.241
980,Palmer,Ife,pifer7@w3.org,Male,124.247.4.105
981,Gianni,Syme,gsymer8@home.pl,Male,108.37.70.82
982,Michaeline,Moisey,mmoiseyr9@tripadvisor.com,Female,215.10.241.69
983,Northrup,Ochterlony,nochterlonyra@usnews.com,Male,8.109.87.238
984,Clemente,Greg,cgregrb@so-net.ne.jp,Male,158.65.158.194
985,Madison,Carrick,mcarrickrc@indiatimes.com,Male,209.155.150.76
986,Gun,Gencke,ggenckerd@yellowbook.com,Male,73.8.200.131
987,Else,Euels,eeuelsre@netvibes.com,Female,116.144.70.128
988,Hollie,Fronek,hfronekrf@nhs.uk,Female,47.6.74.234
989,Rosanna,Shillan,rshillanrg@harvard.edu,Female,193.25.26.71
990,Damien,Midford,dmidfordrh@uiuc.edu,Male,145.234.130.190
991,Analiese,Gullivent,agulliventri@slashdot.org,Female,51.153.170.248
992,Kristan,Ludford,kludfordrj@businessweek.com,Female,221.128.252.15
993,Kalindi,Lyngsted,klyngstedrk@amazon.co.uk,Female,123.134.230.195
994,Faythe,McCarter,fmccarterrl@nyu.edu,Female,251.174.133.109
995,Darrelle,Gartshore,dgartshorerm@sphinn.com,Female,47.3.166.242
996,Kerrin,Greetham,kgreethamrn@reverbnation.com,Female,22.229.189.74
997,Debee,Emblin,demblinro@cisco.com,Genderqueer,195.93.16.101
998,Puff,Heersema,pheersemarp@eventbrite.com,Male,173.66.97.152
999,Brena,Gummer,bgummerrq@dailymail.co.uk,Female,141.165.113.191
1000,Minny,MacElroy,mmacelroyrr@independent.co.uk,Female,212.71.158.170
